/*
 Navicat Premium Data Transfer

 Source Server         : 192.168.3.66
 Source Server Type    : MySQL
 Source Server Version : 80019
 Source Host           : 192.168.3.66:3306
 Source Schema         : boot_security

 Target Server Type    : MySQL
 Target Server Version : 80019
 File Encoding         : 65001

 Date: 24/05/2020 18:33:59
*/

SET NAMES utf8mb4;
SET FOREIGN_KEY_CHECKS = 0;

-- ----------------------------
-- Table structure for file_info
-- ----------------------------
DROP TABLE IF EXISTS `file_info`;
CREATE TABLE `file_info`  (
  `id` varchar(32) CHARACTER SET utf8mb4 COLLATE utf8mb4_0900_ai_ci NOT NULL COMMENT '文件md5',
  `contentType` varchar(128) CHARACTER SET utf8mb4 COLLATE utf8mb4_0900_ai_ci NOT NULL,
  `size` int(0) NOT NULL,
  `path` varchar(255) CHARACTER SET utf8mb4 COLLATE utf8mb4_0900_ai_ci NOT NULL COMMENT '物理路径',
  `url` varchar(1024) CHARACTER SET utf8mb4 COLLATE utf8mb4_0900_ai_ci NOT NULL,
  `type` int(0) NOT NULL,
  `createTime` datetime(0) NOT NULL,
  `updateTime` datetime(0) NOT NULL,
  PRIMARY KEY (`id`) USING BTREE
) ENGINE = InnoDB CHARACTER SET = utf8mb4 COLLATE = utf8mb4_0900_ai_ci ROW_FORMAT = Dynamic;

-- ----------------------------
-- Table structure for qrtz_blob_triggers
-- ----------------------------
DROP TABLE IF EXISTS `qrtz_blob_triggers`;
CREATE TABLE `qrtz_blob_triggers`  (
  `SCHED_NAME` varchar(64) CHARACTER SET utf8mb4 COLLATE utf8mb4_bin NOT NULL,
  `TRIGGER_NAME` varchar(64) CHARACTER SET utf8mb4 COLLATE utf8mb4_bin NOT NULL,
  `TRIGGER_GROUP` varchar(64) CHARACTER SET utf8mb4 COLLATE utf8mb4_bin NOT NULL,
  `BLOB_DATA` blob NULL,
  PRIMARY KEY (`SCHED_NAME`, `TRIGGER_NAME`, `TRIGGER_GROUP`) USING BTREE
) ENGINE = InnoDB CHARACTER SET = utf8mb4 COLLATE = utf8mb4_bin ROW_FORMAT = Dynamic;

-- ----------------------------
-- Table structure for qrtz_calendars
-- ----------------------------
DROP TABLE IF EXISTS `qrtz_calendars`;
CREATE TABLE `qrtz_calendars`  (
  `SCHED_NAME` varchar(64) CHARACTER SET utf8mb4 COLLATE utf8mb4_bin NOT NULL,
  `CALENDAR_NAME` varchar(128) CHARACTER SET utf8mb4 COLLATE utf8mb4_bin NOT NULL,
  `CALENDAR` blob NOT NULL,
  PRIMARY KEY (`SCHED_NAME`, `CALENDAR_NAME`) USING BTREE
) ENGINE = InnoDB CHARACTER SET = utf8mb4 COLLATE = utf8mb4_bin ROW_FORMAT = Dynamic;

-- ----------------------------
-- Table structure for qrtz_cron_triggers
-- ----------------------------
DROP TABLE IF EXISTS `qrtz_cron_triggers`;
CREATE TABLE `qrtz_cron_triggers`  (
  `SCHED_NAME` varchar(64) CHARACTER SET utf8mb4 COLLATE utf8mb4_bin NOT NULL,
  `TRIGGER_NAME` varchar(64) CHARACTER SET utf8mb4 COLLATE utf8mb4_bin NOT NULL,
  `TRIGGER_GROUP` varchar(64) CHARACTER SET utf8mb4 COLLATE utf8mb4_bin NOT NULL,
  `CRON_EXPRESSION` varchar(64) CHARACTER SET utf8mb4 COLLATE utf8mb4_bin NOT NULL,
  `TIME_ZONE_ID` varchar(80) CHARACTER SET utf8mb4 COLLATE utf8mb4_bin NULL DEFAULT NULL,
  PRIMARY KEY (`SCHED_NAME`, `TRIGGER_NAME`, `TRIGGER_GROUP`) USING BTREE
) ENGINE = InnoDB CHARACTER SET = utf8mb4 COLLATE = utf8mb4_bin ROW_FORMAT = Dynamic;

-- ----------------------------
-- Table structure for qrtz_fired_triggers
-- ----------------------------
DROP TABLE IF EXISTS `qrtz_fired_triggers`;
CREATE TABLE `qrtz_fired_triggers`  (
  `SCHED_NAME` varchar(64) CHARACTER SET utf8mb4 COLLATE utf8mb4_bin NOT NULL,
  `ENTRY_ID` varchar(128) CHARACTER SET utf8mb4 COLLATE utf8mb4_bin NOT NULL,
  `TRIGGER_NAME` varchar(64) CHARACTER SET utf8mb4 COLLATE utf8mb4_bin NOT NULL,
  `TRIGGER_GROUP` varchar(64) CHARACTER SET utf8mb4 COLLATE utf8mb4_bin NOT NULL,
  `INSTANCE_NAME` varchar(64) CHARACTER SET utf8mb4 COLLATE utf8mb4_bin NOT NULL,
  `FIRED_TIME` bigint(0) NOT NULL,
  `SCHED_TIME` bigint(0) NOT NULL,
  `PRIORITY` int(0) NOT NULL,
  `STATE` varchar(16) CHARACTER SET utf8mb4 COLLATE utf8mb4_bin NOT NULL,
  `JOB_NAME` varchar(64) CHARACTER SET utf8mb4 COLLATE utf8mb4_bin NULL DEFAULT NULL,
  `JOB_GROUP` varchar(64) CHARACTER SET utf8mb4 COLLATE utf8mb4_bin NULL DEFAULT NULL,
  `IS_NONCONCURRENT` varchar(1) CHARACTER SET utf8mb4 COLLATE utf8mb4_bin NULL DEFAULT NULL,
  `REQUESTS_RECOVERY` varchar(1) CHARACTER SET utf8mb4 COLLATE utf8mb4_bin NULL DEFAULT NULL,
  PRIMARY KEY (`SCHED_NAME`, `ENTRY_ID`) USING BTREE
) ENGINE = InnoDB CHARACTER SET = utf8mb4 COLLATE = utf8mb4_bin ROW_FORMAT = Dynamic;

-- ----------------------------
-- Table structure for qrtz_job_details
-- ----------------------------
DROP TABLE IF EXISTS `qrtz_job_details`;
CREATE TABLE `qrtz_job_details`  (
  `SCHED_NAME` varchar(64) CHARACTER SET utf8mb4 COLLATE utf8mb4_bin NOT NULL,
  `JOB_NAME` varchar(64) CHARACTER SET utf8mb4 COLLATE utf8mb4_bin NOT NULL,
  `JOB_GROUP` varchar(64) CHARACTER SET utf8mb4 COLLATE utf8mb4_bin NOT NULL,
  `DESCRIPTION` varchar(128) CHARACTER SET utf8mb4 COLLATE utf8mb4_bin NULL DEFAULT NULL,
  `JOB_CLASS_NAME` varchar(255) CHARACTER SET utf8mb4 COLLATE utf8mb4_bin NOT NULL,
  `IS_DURABLE` varchar(1) CHARACTER SET utf8mb4 COLLATE utf8mb4_bin NOT NULL,
  `IS_NONCONCURRENT` varchar(1) CHARACTER SET utf8mb4 COLLATE utf8mb4_bin NOT NULL,
  `IS_UPDATE_DATA` varchar(1) CHARACTER SET utf8mb4 COLLATE utf8mb4_bin NOT NULL,
  `REQUESTS_RECOVERY` varchar(1) CHARACTER SET utf8mb4 COLLATE utf8mb4_bin NOT NULL,
  `JOB_DATA` blob NULL,
  PRIMARY KEY (`SCHED_NAME`, `JOB_NAME`, `JOB_GROUP`) USING BTREE
) ENGINE = InnoDB CHARACTER SET = utf8mb4 COLLATE = utf8mb4_bin ROW_FORMAT = Dynamic;

-- ----------------------------
-- Table structure for qrtz_locks
-- ----------------------------
DROP TABLE IF EXISTS `qrtz_locks`;
CREATE TABLE `qrtz_locks`  (
  `SCHED_NAME` varchar(64) CHARACTER SET utf8mb4 COLLATE utf8mb4_bin NOT NULL,
  `LOCK_NAME` varchar(64) CHARACTER SET utf8mb4 COLLATE utf8mb4_bin NOT NULL,
  PRIMARY KEY (`SCHED_NAME`, `LOCK_NAME`) USING BTREE
) ENGINE = InnoDB CHARACTER SET = utf8mb4 COLLATE = utf8mb4_bin ROW_FORMAT = Dynamic;

-- ----------------------------
-- Records of qrtz_locks
-- ----------------------------
INSERT INTO `qrtz_locks` VALUES ('adminQuartzScheduler', 'STATE_ACCESS');
INSERT INTO `qrtz_locks` VALUES ('adminQuartzScheduler', 'TRIGGER_ACCESS');

-- ----------------------------
-- Table structure for qrtz_paused_trigger_grps
-- ----------------------------
DROP TABLE IF EXISTS `qrtz_paused_trigger_grps`;
CREATE TABLE `qrtz_paused_trigger_grps`  (
  `SCHED_NAME` varchar(64) CHARACTER SET utf8mb4 COLLATE utf8mb4_bin NOT NULL,
  `TRIGGER_GROUP` varchar(64) CHARACTER SET utf8mb4 COLLATE utf8mb4_bin NOT NULL,
  PRIMARY KEY (`SCHED_NAME`, `TRIGGER_GROUP`) USING BTREE
) ENGINE = InnoDB CHARACTER SET = utf8mb4 COLLATE = utf8mb4_bin ROW_FORMAT = Dynamic;

-- ----------------------------
-- Table structure for qrtz_scheduler_state
-- ----------------------------
DROP TABLE IF EXISTS `qrtz_scheduler_state`;
CREATE TABLE `qrtz_scheduler_state`  (
  `SCHED_NAME` varchar(64) CHARACTER SET utf8mb4 COLLATE utf8mb4_bin NOT NULL,
  `INSTANCE_NAME` varchar(128) CHARACTER SET utf8mb4 COLLATE utf8mb4_bin NOT NULL,
  `LAST_CHECKIN_TIME` bigint(0) NOT NULL,
  `CHECKIN_INTERVAL` bigint(0) NOT NULL,
  PRIMARY KEY (`SCHED_NAME`, `INSTANCE_NAME`) USING BTREE
) ENGINE = InnoDB CHARACTER SET = utf8mb4 COLLATE = utf8mb4_bin ROW_FORMAT = Dynamic;

-- ----------------------------
-- Records of qrtz_scheduler_state
-- ----------------------------
INSERT INTO `qrtz_scheduler_state` VALUES ('adminQuartzScheduler', 'server1590243714930', 1590316295191, 15000);

-- ----------------------------
-- Table structure for qrtz_simple_triggers
-- ----------------------------
DROP TABLE IF EXISTS `qrtz_simple_triggers`;
CREATE TABLE `qrtz_simple_triggers`  (
  `SCHED_NAME` varchar(64) CHARACTER SET utf8mb4 COLLATE utf8mb4_bin NOT NULL,
  `TRIGGER_NAME` varchar(64) CHARACTER SET utf8mb4 COLLATE utf8mb4_bin NOT NULL,
  `TRIGGER_GROUP` varchar(64) CHARACTER SET utf8mb4 COLLATE utf8mb4_bin NOT NULL,
  `REPEAT_COUNT` bigint(0) NOT NULL,
  `REPEAT_INTERVAL` bigint(0) NOT NULL,
  `TIMES_TRIGGERED` bigint(0) NOT NULL,
  PRIMARY KEY (`SCHED_NAME`, `TRIGGER_NAME`, `TRIGGER_GROUP`) USING BTREE
) ENGINE = InnoDB CHARACTER SET = utf8mb4 COLLATE = utf8mb4_bin ROW_FORMAT = Dynamic;

-- ----------------------------
-- Table structure for qrtz_simprop_triggers
-- ----------------------------
DROP TABLE IF EXISTS `qrtz_simprop_triggers`;
CREATE TABLE `qrtz_simprop_triggers`  (
  `SCHED_NAME` varchar(64) CHARACTER SET utf8mb4 COLLATE utf8mb4_bin NOT NULL,
  `TRIGGER_NAME` varchar(64) CHARACTER SET utf8mb4 COLLATE utf8mb4_bin NOT NULL,
  `TRIGGER_GROUP` varchar(64) CHARACTER SET utf8mb4 COLLATE utf8mb4_bin NOT NULL,
  `STR_PROP_1` varchar(512) CHARACTER SET utf8mb4 COLLATE utf8mb4_bin NULL DEFAULT NULL,
  `STR_PROP_2` varchar(512) CHARACTER SET utf8mb4 COLLATE utf8mb4_bin NULL DEFAULT NULL,
  `STR_PROP_3` varchar(512) CHARACTER SET utf8mb4 COLLATE utf8mb4_bin NULL DEFAULT NULL,
  `INT_PROP_1` int(0) NULL DEFAULT NULL,
  `INT_PROP_2` int(0) NULL DEFAULT NULL,
  `LONG_PROP_1` bigint(0) NULL DEFAULT NULL,
  `LONG_PROP_2` bigint(0) NULL DEFAULT NULL,
  `DEC_PROP_1` decimal(13, 4) NULL DEFAULT NULL,
  `DEC_PROP_2` decimal(13, 4) NULL DEFAULT NULL,
  `BOOL_PROP_1` varchar(1) CHARACTER SET utf8mb4 COLLATE utf8mb4_bin NULL DEFAULT NULL,
  `BOOL_PROP_2` varchar(1) CHARACTER SET utf8mb4 COLLATE utf8mb4_bin NULL DEFAULT NULL,
  PRIMARY KEY (`SCHED_NAME`, `TRIGGER_NAME`, `TRIGGER_GROUP`) USING BTREE
) ENGINE = InnoDB CHARACTER SET = utf8mb4 COLLATE = utf8mb4_bin ROW_FORMAT = Dynamic;

-- ----------------------------
-- Table structure for qrtz_triggers
-- ----------------------------
DROP TABLE IF EXISTS `qrtz_triggers`;
CREATE TABLE `qrtz_triggers`  (
  `SCHED_NAME` varchar(64) CHARACTER SET utf8mb4 COLLATE utf8mb4_bin NOT NULL,
  `TRIGGER_NAME` varchar(64) CHARACTER SET utf8mb4 COLLATE utf8mb4_bin NOT NULL,
  `TRIGGER_GROUP` varchar(64) CHARACTER SET utf8mb4 COLLATE utf8mb4_bin NOT NULL,
  `JOB_NAME` varchar(64) CHARACTER SET utf8mb4 COLLATE utf8mb4_bin NOT NULL,
  `JOB_GROUP` varchar(64) CHARACTER SET utf8mb4 COLLATE utf8mb4_bin NOT NULL,
  `DESCRIPTION` varchar(128) CHARACTER SET utf8mb4 COLLATE utf8mb4_bin NULL DEFAULT NULL,
  `NEXT_FIRE_TIME` bigint(0) NULL DEFAULT NULL,
  `PREV_FIRE_TIME` bigint(0) NULL DEFAULT NULL,
  `PRIORITY` int(0) NULL DEFAULT NULL,
  `TRIGGER_STATE` varchar(16) CHARACTER SET utf8mb4 COLLATE utf8mb4_bin NOT NULL,
  `TRIGGER_TYPE` varchar(8) CHARACTER SET utf8mb4 COLLATE utf8mb4_bin NOT NULL,
  `START_TIME` bigint(0) NOT NULL,
  `END_TIME` bigint(0) NULL DEFAULT NULL,
  `CALENDAR_NAME` varchar(128) CHARACTER SET utf8mb4 COLLATE utf8mb4_bin NULL DEFAULT NULL,
  `MISFIRE_INSTR` smallint(0) NULL DEFAULT NULL,
  `JOB_DATA` blob NULL,
  PRIMARY KEY (`SCHED_NAME`, `TRIGGER_NAME`, `TRIGGER_GROUP`) USING BTREE,
  INDEX `SCHED_NAME`(`SCHED_NAME`, `JOB_NAME`, `JOB_GROUP`) USING BTREE
) ENGINE = InnoDB CHARACTER SET = utf8mb4 COLLATE = utf8mb4_bin ROW_FORMAT = Dynamic;

-- ----------------------------
-- Table structure for sys_logs
-- ----------------------------
DROP TABLE IF EXISTS `sys_logs`;
CREATE TABLE `sys_logs`  (
  `id` int(0) NOT NULL AUTO_INCREMENT,
  `userId` int(0) NOT NULL,
  `module` varchar(50) CHARACTER SET utf8mb4 COLLATE utf8mb4_0900_ai_ci NULL DEFAULT NULL COMMENT '模块名',
  `flag` tinyint(0) NOT NULL DEFAULT 1 COMMENT '成功失败',
  `remark` text CHARACTER SET utf8mb4 COLLATE utf8mb4_0900_ai_ci NULL COMMENT '备注',
  `createTime` datetime(0) NOT NULL,
  PRIMARY KEY (`id`) USING BTREE,
  INDEX `userId`(`userId`) USING BTREE,
  INDEX `createTime`(`createTime`) USING BTREE
) ENGINE = InnoDB CHARACTER SET = utf8mb4 COLLATE = utf8mb4_0900_ai_ci ROW_FORMAT = Dynamic;

-- ----------------------------
-- Records of sys_logs
-- ----------------------------
INSERT INTO `sys_logs` VALUES (1, 1, '登陆', 1, NULL, '2020-05-23 22:22:31');
INSERT INTO `sys_logs` VALUES (2, 1, '保存角色', 1, NULL, '2020-05-23 22:24:26');
INSERT INTO `sys_logs` VALUES (3, 1, '保存角色', 1, NULL, '2020-05-23 22:43:48');
INSERT INTO `sys_logs` VALUES (4, 1, '退出', 1, NULL, '2020-05-23 22:43:53');
INSERT INTO `sys_logs` VALUES (5, 2, '登陆', 1, NULL, '2020-05-23 22:43:58');
INSERT INTO `sys_logs` VALUES (6, 2, '退出', 1, NULL, '2020-05-23 22:44:28');
INSERT INTO `sys_logs` VALUES (7, 1, '登陆', 1, NULL, '2020-05-23 22:45:58');
INSERT INTO `sys_logs` VALUES (8, 1, '退出', 1, NULL, '2020-05-23 22:46:23');
INSERT INTO `sys_logs` VALUES (9, 2, '登陆', 1, NULL, '2020-05-23 22:46:32');
INSERT INTO `sys_logs` VALUES (10, 2, '退出', 1, NULL, '2020-05-24 00:01:51');
INSERT INTO `sys_logs` VALUES (11, 1, '登陆', 1, NULL, '2020-05-24 00:01:57');
INSERT INTO `sys_logs` VALUES (12, 1, '登陆', 1, NULL, '2020-05-24 18:30:00');

-- ----------------------------
-- Table structure for sys_permission
-- ----------------------------
DROP TABLE IF EXISTS `sys_permission`;
CREATE TABLE `sys_permission`  (
  `id` int(0) NOT NULL AUTO_INCREMENT,
  `parentId` int(0) NOT NULL,
  `name` varchar(50) CHARACTER SET utf8mb4 COLLATE utf8mb4_0900_ai_ci NOT NULL,
  `css` varchar(30) CHARACTER SET utf8mb4 COLLATE utf8mb4_0900_ai_ci NULL DEFAULT NULL,
  `href` varchar(1000) CHARACTER SET utf8mb4 COLLATE utf8mb4_0900_ai_ci NULL DEFAULT NULL,
  `type` tinyint(1) NOT NULL,
  `permission` varchar(50) CHARACTER SET utf8mb4 COLLATE utf8mb4_0900_ai_ci NULL DEFAULT NULL,
  `sort` int(0) NOT NULL,
  PRIMARY KEY (`id`) USING BTREE
) ENGINE = InnoDB AUTO_INCREMENT = 41 CHARACTER SET = utf8mb4 COLLATE = utf8mb4_0900_ai_ci ROW_FORMAT = Dynamic;

-- ----------------------------
-- Records of sys_permission
-- ----------------------------
INSERT INTO `sys_permission` VALUES (1, 0, '用户管理', 'fa-users', '', 1, '', 1);
INSERT INTO `sys_permission` VALUES (2, 1, '用户查询', 'fa-user', 'pages/user/userList.html', 1, '', 2);
INSERT INTO `sys_permission` VALUES (3, 2, '查询', '', '', 2, 'sys:user:query', 100);
INSERT INTO `sys_permission` VALUES (4, 2, '新增', '', '', 2, 'sys:user:add', 100);
INSERT INTO `sys_permission` VALUES (6, 0, '修改密码', 'fa-pencil-square-o', 'pages/user/changePassword.html', 1, 'sys:user:password', 4);
INSERT INTO `sys_permission` VALUES (7, 0, '系统设置', 'fa-gears', '', 1, '', 5);
INSERT INTO `sys_permission` VALUES (8, 7, '菜单', 'fa-cog', 'pages/menu/menuList.html', 1, '', 6);
INSERT INTO `sys_permission` VALUES (9, 8, '查询', '', '', 2, 'sys:menu:query', 100);
INSERT INTO `sys_permission` VALUES (10, 8, '新增', '', '', 2, 'sys:menu:add', 100);
INSERT INTO `sys_permission` VALUES (11, 8, '删除', '', '', 2, 'sys:menu:del', 100);
INSERT INTO `sys_permission` VALUES (12, 7, '角色', 'fa-user-secret', 'pages/role/roleList.html', 1, '', 7);
INSERT INTO `sys_permission` VALUES (13, 12, '查询', '', '', 2, 'sys:role:query', 100);
INSERT INTO `sys_permission` VALUES (14, 12, '新增', '', '', 2, 'sys:role:add', 100);
INSERT INTO `sys_permission` VALUES (15, 12, '删除', '', '', 2, 'sys:role:del', 100);
INSERT INTO `sys_permission` VALUES (16, 0, '文件管理', 'fa-folder-open', 'pages/file/fileList.html', 1, '', 8);
INSERT INTO `sys_permission` VALUES (17, 16, '查询', '', '', 2, 'sys:file:query', 100);
INSERT INTO `sys_permission` VALUES (18, 16, '删除', '', '', 2, 'sys:file:del', 100);
INSERT INTO `sys_permission` VALUES (19, 0, '数据源监控', 'fa-eye', 'druid/index.html', 1, '', 9);
INSERT INTO `sys_permission` VALUES (20, 0, '接口swagger', 'fa-file-pdf-o', 'swagger-ui.html', 1, '', 10);
INSERT INTO `sys_permission` VALUES (21, 0, '代码生成', 'fa-wrench', 'pages/generate/edit.html', 1, 'generate:edit', 11);
INSERT INTO `sys_permission` VALUES (22, 0, '公告管理', 'fa-book', 'pages/notice/noticeList.html', 1, '', 12);
INSERT INTO `sys_permission` VALUES (23, 22, '查询', '', '', 2, 'notice:query', 100);
INSERT INTO `sys_permission` VALUES (24, 22, '添加', '', '', 2, 'notice:add', 100);
INSERT INTO `sys_permission` VALUES (25, 22, '删除', '', '', 2, 'notice:del', 100);
INSERT INTO `sys_permission` VALUES (26, 0, '日志查询', 'fa-reorder', 'pages/log/logList.html', 1, 'sys:log:query', 13);
INSERT INTO `sys_permission` VALUES (27, 0, '邮件管理', 'fa-envelope', 'pages/mail/mailList.html', 1, '', 14);
INSERT INTO `sys_permission` VALUES (28, 27, '发送邮件', '', '', 2, 'mail:send', 100);
INSERT INTO `sys_permission` VALUES (29, 27, '查询', '', '', 2, 'mail:all:query', 100);
INSERT INTO `sys_permission` VALUES (30, 0, '定时任务管理', 'fa-tasks', 'pages/job/jobList.html', 1, '', 15);
INSERT INTO `sys_permission` VALUES (31, 30, '查询', '', '', 2, 'job:query', 100);
INSERT INTO `sys_permission` VALUES (32, 30, '新增', '', '', 2, 'job:add', 100);
INSERT INTO `sys_permission` VALUES (33, 30, '删除', '', '', 2, 'job:del', 100);
INSERT INTO `sys_permission` VALUES (34, 0, 'excel导出', 'fa-arrow-circle-down', 'pages/excel/sql.html', 1, '', 16);
INSERT INTO `sys_permission` VALUES (35, 34, '导出', '', '', 2, 'excel:down', 100);
INSERT INTO `sys_permission` VALUES (36, 34, '页面显示数据', '', '', 2, 'excel:show:datas', 100);
INSERT INTO `sys_permission` VALUES (37, 0, '字典管理', 'fa-reddit', 'pages/dict/dictList.html', 1, '', 17);
INSERT INTO `sys_permission` VALUES (38, 37, '查询', '', '', 2, 'dict:query', 100);
INSERT INTO `sys_permission` VALUES (39, 37, '新增', '', '', 2, 'dict:add', 100);
INSERT INTO `sys_permission` VALUES (40, 37, '删除', '', '', 2, 'dict:del', 100);

-- ----------------------------
-- Table structure for sys_role
-- ----------------------------
DROP TABLE IF EXISTS `sys_role`;
CREATE TABLE `sys_role`  (
  `id` int(0) NOT NULL AUTO_INCREMENT,
  `name` varchar(50) CHARACTER SET utf8mb4 COLLATE utf8mb4_0900_ai_ci NOT NULL,
  `description` varchar(100) CHARACTER SET utf8mb4 COLLATE utf8mb4_0900_ai_ci NULL DEFAULT NULL,
  `createTime` datetime(0) NOT NULL,
  `updateTime` datetime(0) NOT NULL,
  PRIMARY KEY (`id`) USING BTREE,
  UNIQUE INDEX `name`(`name`) USING BTREE
) ENGINE = InnoDB AUTO_INCREMENT = 3 CHARACTER SET = utf8mb4 COLLATE = utf8mb4_0900_ai_ci ROW_FORMAT = Dynamic;

-- ----------------------------
-- Records of sys_role
-- ----------------------------
INSERT INTO `sys_role` VALUES (1, 'ADMIN', '管理员', '2017-05-01 13:25:39', '2017-10-05 21:59:18');
INSERT INTO `sys_role` VALUES (2, 'USER', '普通用户', '2017-08-01 21:47:31', '2020-05-23 22:43:48');

-- ----------------------------
-- Table structure for sys_role_permission
-- ----------------------------
DROP TABLE IF EXISTS `sys_role_permission`;
CREATE TABLE `sys_role_permission`  (
  `roleId` int(0) NOT NULL,
  `permissionId` int(0) NOT NULL,
  PRIMARY KEY (`roleId`, `permissionId`) USING BTREE
) ENGINE = InnoDB CHARACTER SET = utf8mb4 COLLATE = utf8mb4_0900_ai_ci ROW_FORMAT = Dynamic;

-- ----------------------------
-- Records of sys_role_permission
-- ----------------------------
INSERT INTO `sys_role_permission` VALUES (1, 1);
INSERT INTO `sys_role_permission` VALUES (1, 2);
INSERT INTO `sys_role_permission` VALUES (1, 3);
INSERT INTO `sys_role_permission` VALUES (1, 4);
INSERT INTO `sys_role_permission` VALUES (1, 6);
INSERT INTO `sys_role_permission` VALUES (1, 7);
INSERT INTO `sys_role_permission` VALUES (1, 8);
INSERT INTO `sys_role_permission` VALUES (1, 9);
INSERT INTO `sys_role_permission` VALUES (1, 10);
INSERT INTO `sys_role_permission` VALUES (1, 11);
INSERT INTO `sys_role_permission` VALUES (1, 12);
INSERT INTO `sys_role_permission` VALUES (1, 13);
INSERT INTO `sys_role_permission` VALUES (1, 14);
INSERT INTO `sys_role_permission` VALUES (1, 15);
INSERT INTO `sys_role_permission` VALUES (1, 16);
INSERT INTO `sys_role_permission` VALUES (1, 17);
INSERT INTO `sys_role_permission` VALUES (1, 18);
INSERT INTO `sys_role_permission` VALUES (1, 19);
INSERT INTO `sys_role_permission` VALUES (1, 20);
INSERT INTO `sys_role_permission` VALUES (1, 21);
INSERT INTO `sys_role_permission` VALUES (1, 22);
INSERT INTO `sys_role_permission` VALUES (1, 23);
INSERT INTO `sys_role_permission` VALUES (1, 24);
INSERT INTO `sys_role_permission` VALUES (1, 25);
INSERT INTO `sys_role_permission` VALUES (1, 26);
INSERT INTO `sys_role_permission` VALUES (1, 27);
INSERT INTO `sys_role_permission` VALUES (1, 28);
INSERT INTO `sys_role_permission` VALUES (1, 29);
INSERT INTO `sys_role_permission` VALUES (1, 30);
INSERT INTO `sys_role_permission` VALUES (1, 31);
INSERT INTO `sys_role_permission` VALUES (1, 32);
INSERT INTO `sys_role_permission` VALUES (1, 33);
INSERT INTO `sys_role_permission` VALUES (1, 34);
INSERT INTO `sys_role_permission` VALUES (1, 35);
INSERT INTO `sys_role_permission` VALUES (1, 36);
INSERT INTO `sys_role_permission` VALUES (1, 37);
INSERT INTO `sys_role_permission` VALUES (1, 38);
INSERT INTO `sys_role_permission` VALUES (1, 39);
INSERT INTO `sys_role_permission` VALUES (1, 40);
INSERT INTO `sys_role_permission` VALUES (2, 1);
INSERT INTO `sys_role_permission` VALUES (2, 2);
INSERT INTO `sys_role_permission` VALUES (2, 3);

-- ----------------------------
-- Table structure for sys_role_user
-- ----------------------------
DROP TABLE IF EXISTS `sys_role_user`;
CREATE TABLE `sys_role_user`  (
  `userId` int(0) NOT NULL,
  `roleId` int(0) NOT NULL,
  PRIMARY KEY (`userId`, `roleId`) USING BTREE
) ENGINE = InnoDB CHARACTER SET = utf8mb4 COLLATE = utf8mb4_0900_ai_ci ROW_FORMAT = Dynamic;

-- ----------------------------
-- Records of sys_role_user
-- ----------------------------
INSERT INTO `sys_role_user` VALUES (1, 1);
INSERT INTO `sys_role_user` VALUES (2, 2);

-- ----------------------------
-- Table structure for sys_user
-- ----------------------------
DROP TABLE IF EXISTS `sys_user`;
CREATE TABLE `sys_user`  (
  `id` int(0) NOT NULL AUTO_INCREMENT,
  `username` varchar(50) CHARACTER SET utf8mb4 COLLATE utf8mb4_0900_ai_ci NOT NULL,
  `password` varchar(60) CHARACTER SET utf8mb4 COLLATE utf8mb4_0900_ai_ci NOT NULL,
  `nickname` varchar(255) CHARACTER SET utf8mb4 COLLATE utf8mb4_0900_ai_ci NULL DEFAULT NULL,
  `headImgUrl` varchar(255) CHARACTER SET utf8mb4 COLLATE utf8mb4_0900_ai_ci NULL DEFAULT NULL,
  `phone` varchar(11) CHARACTER SET utf8mb4 COLLATE utf8mb4_0900_ai_ci NULL DEFAULT NULL,
  `telephone` varchar(30) CHARACTER SET utf8mb4 COLLATE utf8mb4_0900_ai_ci NULL DEFAULT NULL,
  `email` varchar(50) CHARACTER SET utf8mb4 COLLATE utf8mb4_0900_ai_ci NULL DEFAULT NULL,
  `birthday` date NULL DEFAULT NULL,
  `sex` tinyint(1) NULL DEFAULT NULL,
  `status` tinyint(1) NOT NULL DEFAULT 1,
  `createTime` datetime(0) NOT NULL,
  `updateTime` datetime(0) NOT NULL,
  PRIMARY KEY (`id`) USING BTREE,
  UNIQUE INDEX `username`(`username`) USING BTREE
) ENGINE = InnoDB AUTO_INCREMENT = 3 CHARACTER SET = utf8mb4 COLLATE = utf8mb4_0900_ai_ci ROW_FORMAT = Dynamic;

-- ----------------------------
-- Records of sys_user
-- ----------------------------
INSERT INTO `sys_user` VALUES (1, 'admin', '$2a$10$iYM/H7TrSaLs7XyIWQdGwe1xf4cdmt3nwMja6RT0wxG5YY1RjN0EK', '管理员', NULL, '', '', '', '1998-07-01', 0, 1, '2017-04-10 15:21:38', '2017-07-06 09:20:19');
INSERT INTO `sys_user` VALUES (2, 'user', '$2a$10$ooGb4wjT7Hg3zgU2RhZp6eVu3jvG29i/U4L6VRwiZZ4.DZ0OOEAHu', '用户', NULL, '', '', '', NULL, 1, 1, '2017-08-01 21:47:18', '2017-08-01 21:47:18');

-- ----------------------------
-- Table structure for t_dict
-- ----------------------------
DROP TABLE IF EXISTS `t_dict`;
CREATE TABLE `t_dict`  (
  `id` int(0) NOT NULL AUTO_INCREMENT,
  `type` varchar(16) CHARACTER SET utf8mb4 COLLATE utf8mb4_0900_ai_ci NOT NULL,
  `k` varchar(16) CHARACTER SET utf8mb4 COLLATE utf8mb4_0900_ai_ci NOT NULL,
  `val` varchar(64) CHARACTER SET utf8mb4 COLLATE utf8mb4_0900_ai_ci NOT NULL,
  `createTime` datetime(0) NOT NULL,
  `updateTime` datetime(0) NOT NULL,
  PRIMARY KEY (`id`) USING BTREE,
  UNIQUE INDEX `type`(`type`, `k`) USING BTREE
) ENGINE = InnoDB AUTO_INCREMENT = 10 CHARACTER SET = utf8mb4 COLLATE = utf8mb4_0900_ai_ci ROW_FORMAT = Dynamic;

-- ----------------------------
-- Records of t_dict
-- ----------------------------
INSERT INTO `t_dict` VALUES (1, 'sex', '0', '女', '2017-11-17 09:58:24', '2017-11-18 14:21:05');
INSERT INTO `t_dict` VALUES (2, 'sex', '1', '男', '2017-11-17 10:03:46', '2017-11-17 10:03:46');
INSERT INTO `t_dict` VALUES (3, 'userStatus', '0', '无效', '2017-11-17 16:26:06', '2017-11-17 16:26:09');
INSERT INTO `t_dict` VALUES (4, 'userStatus', '1', '正常', '2017-11-17 16:26:06', '2017-11-17 16:26:09');
INSERT INTO `t_dict` VALUES (5, 'userStatus', '2', '锁定', '2017-11-17 16:26:06', '2017-11-17 16:26:09');
INSERT INTO `t_dict` VALUES (6, 'noticeStatus', '0', '草稿', '2017-11-17 16:26:06', '2017-11-17 16:26:09');
INSERT INTO `t_dict` VALUES (7, 'noticeStatus', '1', '发布', '2017-11-17 16:26:06', '2017-11-17 16:26:09');
INSERT INTO `t_dict` VALUES (8, 'isRead', '0', '未读', '2017-11-17 16:26:06', '2017-11-17 16:26:09');
INSERT INTO `t_dict` VALUES (9, 'isRead', '1', '已读', '2017-11-17 16:26:06', '2017-11-17 16:26:09');

-- ----------------------------
-- Table structure for t_job
-- ----------------------------
DROP TABLE IF EXISTS `t_job`;
CREATE TABLE `t_job`  (
  `id` int(0) NOT NULL AUTO_INCREMENT,
  `jobName` varchar(64) CHARACTER SET utf8mb4 COLLATE utf8mb4_0900_ai_ci NOT NULL,
  `description` varchar(255) CHARACTER SET utf8mb4 COLLATE utf8mb4_0900_ai_ci NULL DEFAULT NULL,
  `cron` varchar(64) CHARACTER SET utf8mb4 COLLATE utf8mb4_0900_ai_ci NOT NULL,
  `springBeanName` varchar(64) CHARACTER SET utf8mb4 COLLATE utf8mb4_0900_ai_ci NOT NULL COMMENT 'springBean名',
  `methodName` varchar(64) CHARACTER SET utf8mb4 COLLATE utf8mb4_0900_ai_ci NOT NULL COMMENT '方法名',
  `isSysJob` tinyint(1) NOT NULL COMMENT '是否是系统job',
  `status` tinyint(1) NOT NULL DEFAULT 1,
  `createTime` datetime(0) NOT NULL,
  `updateTime` datetime(0) NOT NULL,
  PRIMARY KEY (`id`) USING BTREE,
  UNIQUE INDEX `jobName`(`jobName`) USING BTREE
) ENGINE = InnoDB AUTO_INCREMENT = 2 CHARACTER SET = utf8mb4 COLLATE = utf8mb4_0900_ai_ci ROW_FORMAT = Dynamic;

-- ----------------------------
-- Table structure for t_mail
-- ----------------------------
DROP TABLE IF EXISTS `t_mail`;
CREATE TABLE `t_mail`  (
  `id` int(0) NOT NULL AUTO_INCREMENT,
  `userId` int(0) NOT NULL COMMENT '发送人',
  `subject` varchar(255) CHARACTER SET utf8mb4 COLLATE utf8mb4_0900_ai_ci NOT NULL COMMENT '标题',
  `content` longtext CHARACTER SET utf8mb4 COLLATE utf8mb4_0900_ai_ci NOT NULL COMMENT '正文',
  `createTime` datetime(0) NOT NULL,
  `updateTime` datetime(0) NOT NULL,
  PRIMARY KEY (`id`) USING BTREE
) ENGINE = InnoDB AUTO_INCREMENT = 9 CHARACTER SET = utf8mb4 COLLATE = utf8mb4_0900_ai_ci ROW_FORMAT = Dynamic;

-- ----------------------------
-- Table structure for t_mail_to
-- ----------------------------
DROP TABLE IF EXISTS `t_mail_to`;
CREATE TABLE `t_mail_to`  (
  `id` int(0) NOT NULL AUTO_INCREMENT,
  `mailId` int(0) NOT NULL,
  `toUser` varchar(128) CHARACTER SET utf8mb4 COLLATE utf8mb4_0900_ai_ci NOT NULL,
  `status` tinyint(1) NOT NULL DEFAULT 1 COMMENT '1成功，0失败',
  PRIMARY KEY (`id`) USING BTREE
) ENGINE = InnoDB AUTO_INCREMENT = 16 CHARACTER SET = utf8mb4 COLLATE = utf8mb4_0900_ai_ci ROW_FORMAT = Dynamic;

-- ----------------------------
-- Table structure for t_notice
-- ----------------------------
DROP TABLE IF EXISTS `t_notice`;
CREATE TABLE `t_notice`  (
  `id` int(0) NOT NULL AUTO_INCREMENT,
  `title` varchar(128) CHARACTER SET utf8mb4 COLLATE utf8mb4_0900_ai_ci NOT NULL,
  `content` text CHARACTER SET utf8mb4 COLLATE utf8mb4_0900_ai_ci NOT NULL,
  `status` tinyint(1) NOT NULL DEFAULT 1,
  `createTime` datetime(0) NOT NULL,
  `updateTime` datetime(0) NOT NULL,
  PRIMARY KEY (`id`) USING BTREE
) ENGINE = InnoDB CHARACTER SET = utf8mb4 COLLATE = utf8mb4_0900_ai_ci ROW_FORMAT = Dynamic;

-- ----------------------------
-- Table structure for t_notice_read
-- ----------------------------
DROP TABLE IF EXISTS `t_notice_read`;
CREATE TABLE `t_notice_read`  (
  `noticeId` int(0) NOT NULL,
  `userId` int(0) NOT NULL,
  `createTime` datetime(0) NOT NULL,
  PRIMARY KEY (`noticeId`, `userId`) USING BTREE
) ENGINE = InnoDB CHARACTER SET = utf8mb4 COLLATE = utf8mb4_0900_ai_ci ROW_FORMAT = Dynamic;

-- ----------------------------
-- Table structure for t_token
-- ----------------------------
DROP TABLE IF EXISTS `t_token`;
CREATE TABLE `t_token`  (
  `id` varchar(36) CHARACTER SET utf8mb4 COLLATE utf8mb4_0900_ai_ci NOT NULL COMMENT 'token',
  `val` text CHARACTER SET utf8mb4 COLLATE utf8mb4_0900_ai_ci NOT NULL COMMENT 'LoginUser的json串',
  `expireTime` datetime(0) NOT NULL,
  `createTime` datetime(0) NOT NULL,
  `updateTime` datetime(0) NOT NULL,
  PRIMARY KEY (`id`) USING BTREE
) ENGINE = InnoDB CHARACTER SET = utf8mb4 COLLATE = utf8mb4_0900_ai_ci ROW_FORMAT = Dynamic;

SET FOREIGN_KEY_CHECKS = 1;
